{"ongoing_trials": {}, "hyperparameters": {"space": [{"class_name": "Choice", "config": {"name": "learning_rate", "default": 0.01, "values": [0.01, 0.005, 0.0025, 0.00125, 0.000625, 0.0003125], "ordered": true}}], "values": {"learning_rate": 0.01}}, "seed": 5959, "seed_state": 5966, "tried_so_far": ["1a6e16736aa390d23f488508897030f0", "72ec4cb7011e455479049da1ee281f99", "3b274c247deedd985510d2c4f4ff566c", "0aa692af91244b6eb1093abe68f130c5", "ff9ddf41854308a8e251c1a8d2e79716", "8be2d3864d88547095643f1820d77311"]}